,0,1,2
0,0.0,0.0,0.0
1,0.28173255684142967,0.28173255684142967,0.28173255684142967
2,0.5406408174555976,0.5406408174555976,0.5406408174555976
3,0.7557495743542583,0.7557495743542583,0.7557495743542583
4,0.9096319953545183,0.9096319953545183,0.9096319953545183
5,0.9898214418809327,0.9898214418809327,0.9898214418809327
6,0.9898214418809328,0.9898214418809328,0.9898214418809328
7,0.9096319953545183,0.9096319953545183,0.9096319953545183
8,0.7557495743542583,0.7557495743542583,0.7557495743542583
9,0.5406408174555978,0.5406408174555978,0.5406408174555978
10,0.28173255684142967,0.28173255684142967,0.28173255684142967
11,1.2246467991473532e-16,1.2246467991473532e-16,1.2246467991473532e-16
12,-0.2817325568414294,-0.2817325568414294,-0.2817325568414294
13,-0.5406408174555976,-0.5406408174555976,-0.5406408174555976
14,-0.7557495743542585,-0.7557495743542585,-0.7557495743542585
15,-0.9096319953545184,-0.9096319953545184,-0.9096319953545184
16,-0.9898214418809327,-0.9898214418809327,-0.9898214418809327
17,-0.9898214418809327,-0.9898214418809327,-0.9898214418809327
18,-0.9096319953545186,-0.9096319953545186,-0.9096319953545186
19,-0.7557495743542582,-0.7557495743542582,-0.7557495743542582
20,-0.5406408174555974,-0.5406408174555974,-0.5406408174555974
21,-0.2817325568414298,-0.2817325568414298,-0.2817325568414298
22,-2.4492935982947064e-16,-2.4492935982947064e-16,-2.4492935982947064e-16
23,0.28173255684143017,0.28173255684143017,0.28173255684143017
24,0.5406408174555971,0.5406408174555971,0.5406408174555971
25,0.7557495743542584,0.7557495743542584,0.7557495743542584
26,0.9096319953545183,0.9096319953545183,0.9096319953545183
27,0.9898214418809328,0.9898214418809328,0.9898214418809328
28,0.9898214418809327,0.9898214418809327,0.9898214418809327
29,0.909631995354519,0.909631995354519,0.909631995354519
30,0.7557495743542582,0.7557495743542582,0.7557495743542582
31,0.5406408174555976,0.5406408174555976,0.5406408174555976
32,0.2817325568414299,0.2817325568414299,0.2817325568414299
33,3.6739403974420594e-16,3.6739403974420594e-16,3.6739403974420594e-16
34,-0.2817325568414309,-0.2817325568414309,-0.2817325568414309
35,-0.5406408174555984,-0.5406408174555984,-0.5406408174555984
36,-0.7557495743542577,-0.7557495743542577,-0.7557495743542577
37,-0.9096319953545179,-0.9096319953545179,-0.9096319953545179
38,-0.9898214418809328,-0.9898214418809328,-0.9898214418809328
39,-0.9898214418809327,-0.9898214418809327,-0.9898214418809327
40,-0.9096319953545183,-0.9096319953545183,-0.9096319953545183
41,-0.7557495743542583,-0.7557495743542583,-0.7557495743542583
42,-0.5406408174555977,-0.5406408174555977,-0.5406408174555977
43,-0.28173255684143,-0.28173255684143,-0.28173255684143
44,-4.898587196589413e-16,-4.898587196589413e-16,-4.898587196589413e-16
45,0.28173255684142906,0.28173255684142906,0.28173255684142906
46,0.5406408174555983,0.5406408174555983,0.5406408174555983
47,0.7557495743542588,0.7557495743542588,0.7557495743542588
48,0.9096319953545179,0.9096319953545179,0.9096319953545179
49,0.9898214418809326,0.9898214418809326,0.9898214418809326
50,0.9898214418809327,0.9898214418809327,0.9898214418809327
51,0.9096319953545183,0.9096319953545183,0.9096319953545183
52,0.7557495743542584,0.7557495743542584,0.7557495743542584
53,0.5406408174555978,0.5406408174555978,0.5406408174555978
54,0.2817325568414284,0.2817325568414284,0.2817325568414284
55,-1.164033439826574e-15,-1.164033439826574e-15,-1.164033439826574e-15
56,-0.28173255684143067,-0.28173255684143067,-0.28173255684143067
57,-0.5406408174555998,-0.5406408174555998,-0.5406408174555998
58,-0.7557495743542564,-0.7557495743542564,-0.7557495743542564
59,-0.9096319953545178,-0.9096319953545178,-0.9096319953545178
60,-0.9898214418809328,-0.9898214418809328,-0.9898214418809328
61,-0.989821441880933,-0.989821441880933,-0.989821441880933
62,-0.9096319953545184,-0.9096319953545184,-0.9096319953545184
63,-0.7557495743542573,-0.7557495743542573,-0.7557495743542573
64,-0.5406408174555979,-0.5406408174555979,-0.5406408174555979
65,-0.2817325568414285,-0.2817325568414285,-0.2817325568414285
66,-7.347880794884119e-16,-7.347880794884119e-16,-7.347880794884119e-16
67,0.28173255684143056,0.28173255684143056,0.28173255684143056
68,0.5406408174555997,0.5406408174555997,0.5406408174555997
69,0.7557495743542586,0.7557495743542586,0.7557495743542586
70,0.9096319953545192,0.9096319953545192,0.9096319953545192
71,0.9898214418809328,0.9898214418809328,0.9898214418809328
72,0.989821441880933,0.989821441880933,0.989821441880933
73,0.9096319953545184,0.9096319953545184,0.9096319953545184
74,0.7557495743542597,0.7557495743542597,0.7557495743542597
75,0.540640817455598,0.540640817455598,0.540640817455598
76,0.28173255684142867,0.28173255684142867,0.28173255684142867
77,8.572527594031472e-16,8.572527594031472e-16,8.572527594031472e-16
78,-0.2817325568414304,-0.2817325568414304,-0.2817325568414304
79,-0.5406408174555996,-0.5406408174555996,-0.5406408174555996
80,-0.7557495743542586,-0.7557495743542586,-0.7557495743542586
81,-0.9096319953545192,-0.9096319953545192,-0.9096319953545192
82,-0.9898214418809328,-0.9898214418809328,-0.9898214418809328
83,-0.9898214418809325,-0.9898214418809325,-0.9898214418809325
84,-0.9096319953545184,-0.9096319953545184,-0.9096319953545184
85,-0.7557495743542597,-0.7557495743542597,-0.7557495743542597
86,-0.5406408174555981,-0.5406408174555981,-0.5406408174555981
87,-0.2817325568414288,-0.2817325568414288,-0.2817325568414288
88,-9.797174393178826e-16,-9.797174393178826e-16,-9.797174393178826e-16
89,0.2817325568414303,0.2817325568414303,0.2817325568414303
90,0.5406408174555964,0.5406408174555964,0.5406408174555964
91,0.7557495743542585,0.7557495743542585,0.7557495743542585
92,0.9096319953545191,0.9096319953545191,0.9096319953545191
93,0.9898214418809327,0.9898214418809327,0.9898214418809327
94,0.9898214418809325,0.9898214418809325,0.9898214418809325
95,0.9096319953545171,0.9096319953545171,0.9096319953545171
96,0.7557495743542598,0.7557495743542598,0.7557495743542598
97,0.5406408174555982,0.5406408174555982,0.5406408174555982
98,0.2817325568414323,0.2817325568414323,0.2817325568414323
99,1.102182119232618e-15,1.102182119232618e-15,1.102182119232618e-15
100,-0.28173255684143017,-0.28173255684143017,-0.28173255684143017
101,-0.5406408174555963,-0.5406408174555963,-0.5406408174555963
102,-0.7557495743542584,-0.7557495743542584,-0.7557495743542584
103,-0.9096319953545191,-0.9096319953545191,-0.9096319953545191
104,-0.9898214418809327,-0.9898214418809327,-0.9898214418809327
105,-0.989821441880933,-0.989821441880933,-0.989821441880933
106,-0.9096319953545186,-0.9096319953545186,-0.9096319953545186
107,-0.7557495743542599,-0.7557495743542599,-0.7557495743542599
108,-0.5406408174555953,-0.5406408174555953,-0.5406408174555953
109,-0.2817325568414324,-0.2817325568414324,-0.2817325568414324
110,2.328066879653148e-15,2.328066879653148e-15,2.328066879653148e-15
111,0.28173255684143006,0.28173255684143006,0.28173255684143006
112,0.5406408174555992,0.5406408174555992,0.5406408174555992
113,0.7557495743542559,0.7557495743542559,0.7557495743542559
114,0.9096319953545206,0.9096319953545206,0.9096319953545206
115,0.9898214418809327,0.9898214418809327,0.9898214418809327
116,0.9898214418809336,0.9898214418809336,0.9898214418809336
117,0.9096319953545172,0.9096319953545172,0.9096319953545172
118,0.75574957435426,0.75574957435426,0.75574957435426
119,0.5406408174555984,0.5406408174555984,0.5406408174555984
120,0.2817325568414291,0.2817325568414291,0.2817325568414291
121,-2.2056021997384123e-15,-2.2056021997384123e-15,-2.2056021997384123e-15
122,-0.28173255684142656,-0.28173255684142656,-0.28173255684142656
123,-0.5406408174556021,-0.5406408174556021,-0.5406408174556021
124,-0.7557495743542583,-0.7557495743542583,-0.7557495743542583
125,-0.909631995354519,-0.909631995354519,-0.909631995354519
126,-0.9898214418809331,-0.9898214418809331,-0.9898214418809331
127,-0.989821441880932,-0.989821441880932,-0.989821441880932
128,-0.9096319953545187,-0.9096319953545187,-0.9096319953545187
129,-0.7557495743542624,-0.7557495743542624,-0.7557495743542624
130,-0.5406408174555956,-0.5406408174555956,-0.5406408174555956
131,-0.28173255684143267,-0.28173255684143267,-0.28173255684143267
132,-1.4695761589768238e-15,-1.4695761589768238e-15,-1.4695761589768238e-15
133,0.28173255684142984,0.28173255684142984,0.28173255684142984
134,0.540640817455599,0.540640817455599,0.540640817455599
135,0.7557495743542558,0.7557495743542558,0.7557495743542558
136,0.9096319953545204,0.9096319953545204,0.9096319953545204
137,0.9898214418809327,0.9898214418809327,0.9898214418809327
138,0.9898214418809326,0.9898214418809326,0.9898214418809326
139,0.9096319953545172,0.9096319953545172,0.9096319953545172
140,0.7557495743542555,0.7557495743542555,0.7557495743542555
141,0.5406408174555987,0.5406408174555987,0.5406408174555987
142,0.28173255684142934,0.28173255684142934,0.28173255684142934
143,-1.9606728399089416e-15,-1.9606728399089416e-15,-1.9606728399089416e-15
144,-0.2817325568414263,-0.2817325568414263,-0.2817325568414263
145,-0.540640817455596,-0.540640817455596,-0.540640817455596
146,-0.755749574354258,-0.755749574354258,-0.755749574354258
147,-0.9096319953545189,-0.9096319953545189,-0.9096319953545189
148,-0.9898214418809321,-0.9898214418809321,-0.9898214418809321
149,-0.9898214418809321,-0.9898214418809321,-0.9898214418809321
150,-0.9096319953545188,-0.9096319953545188,-0.9096319953545188
151,-0.7557495743542579,-0.7557495743542579,-0.7557495743542579
152,-0.5406408174555958,-0.5406408174555958,-0.5406408174555958
153,-0.28173255684142606,-0.28173255684142606,-0.28173255684142606
154,-1.7145055188062944e-15,-1.7145055188062944e-15,-1.7145055188062944e-15
155,0.2817325568414296,0.2817325568414296,0.2817325568414296
156,0.5406408174555989,0.5406408174555989,0.5406408174555989
157,0.7557495743542556,0.7557495743542556,0.7557495743542556
158,0.9096319953545203,0.9096319953545203,0.9096319953545203
159,0.9898214418809326,0.9898214418809326,0.9898214418809326
160,0.9898214418809326,0.9898214418809326,0.9898214418809326
161,0.9096319953545173,0.9096319953545173,0.9096319953545173
162,0.7557495743542556,0.7557495743542556,0.7557495743542556
163,0.5406408174555989,0.5406408174555989,0.5406408174555989
164,0.2817325568414296,0.2817325568414296,0.2817325568414296
165,-1.7157434800794711e-15,-1.7157434800794711e-15,-1.7157434800794711e-15
166,-0.2817325568414329,-0.2817325568414329,-0.2817325568414329
167,-0.5406408174555958,-0.5406408174555958,-0.5406408174555958
168,-0.7557495743542579,-0.7557495743542579,-0.7557495743542579
169,-0.9096319953545188,-0.9096319953545188,-0.9096319953545188
170,-0.9898214418809321,-0.9898214418809321,-0.9898214418809321
171,-0.9898214418809321,-0.9898214418809321,-0.9898214418809321
172,-0.9096319953545189,-0.9096319953545189,-0.9096319953545189
173,-0.755749574354258,-0.755749574354258,-0.755749574354258
174,-0.540640817455596,-0.540640817455596,-0.540640817455596
175,-0.2817325568414263,-0.2817325568414263,-0.2817325568414263
176,-1.959434878635765e-15,-1.959434878635765e-15,-1.959434878635765e-15
177,0.28173255684142934,0.28173255684142934,0.28173255684142934
178,0.5406408174555987,0.5406408174555987,0.5406408174555987
179,0.7557495743542602,0.7557495743542602,0.7557495743542602
180,0.9096319953545172,0.9096319953545172,0.9096319953545172
181,0.9898214418809326,0.9898214418809326,0.9898214418809326
182,0.9898214418809327,0.9898214418809327,0.9898214418809327
183,0.9096319953545204,0.9096319953545204,0.9096319953545204
184,0.7557495743542558,0.7557495743542558,0.7557495743542558
185,0.540640817455599,0.540640817455599,0.540640817455599
186,0.28173255684142984,0.28173255684142984,0.28173255684142984
187,-1.4708141202500005e-15,-1.4708141202500005e-15,-1.4708141202500005e-15
188,-0.28173255684143267,-0.28173255684143267,-0.28173255684143267
189,-0.5406408174555956,-0.5406408174555956,-0.5406408174555956
190,-0.7557495743542624,-0.7557495743542624,-0.7557495743542624
191,-0.9096319953545187,-0.9096319953545187,-0.9096319953545187
192,-0.989821441880932,-0.989821441880932,-0.989821441880932
193,-0.9898214418809321,-0.9898214418809321,-0.9898214418809321
194,-0.909631995354519,-0.909631995354519,-0.909631995354519
195,-0.7557495743542583,-0.7557495743542583,-0.7557495743542583
196,-0.5406408174556021,-0.5406408174556021,-0.5406408174556021
197,-0.2817325568414265,-0.2817325568414265,-0.2817325568414265
198,-2.204364238465236e-15,-2.204364238465236e-15,-2.204364238465236e-15
199,0.2817325568414291,0.2817325568414291,0.2817325568414291
200,0.5406408174555984,0.5406408174555984,0.5406408174555984
201,0.75574957435426,0.75574957435426,0.75574957435426
202,0.9096319953545172,0.9096319953545172,0.9096319953545172
203,0.9898214418809336,0.9898214418809336,0.9898214418809336
204,0.9898214418809327,0.9898214418809327,0.9898214418809327
205,-1.22588476042053e-15,0.6925058746944083,0.9096319953545206
206,0.28173255684143006,0.9552186636709731,0.7557495743542559
207,0.5406408174555992,0.5972365170659977,0.5406408174555992
208,0.7557495743542559,-0.019526385942188362,0.28173255684143006
209,0.9096319953545206,-0.1157200503937085,-1.22588476042053e-15
210,-0.2817325568414256,-0.2817325568414256,-0.2817325568414256
211,-0.5406408174556013,-0.5406408174556013,-0.5406408174556013
212,-0.7557495743542576,-0.7557495743542576,-0.7557495743542576
213,-0.9096319953545186,-0.9096319953545186,-0.9096319953545186
214,-0.989821441880932,-0.989821441880932,-0.989821441880932
215,-0.9898214418809322,-0.9898214418809322,-0.9898214418809322
216,-0.9096319953545161,-0.9096319953545161,-0.9096319953545161
217,-0.7557495743542584,-0.7557495743542584,-0.7557495743542584
218,-0.5406408174556023,-0.5406408174556023,-0.5406408174556023
219,-0.2817325568414336,-0.2817325568414336,-0.2817325568414336
220,4.656133759306296e-15,4.656133759306296e-15,4.656133759306296e-15
221,0.2817325568414289,0.2817325568414289,0.2817325568414289
222,0.5406408174555982,0.5406408174555982,0.5406408174555982
223,0.7557495743542552,0.7557495743542552,0.7557495743542552
224,0.90963199535452,0.90963199535452,0.90963199535452
225,0.9898214418809336,0.9898214418809336,0.9898214418809336
226,0.9898214418809337,0.9898214418809337,0.9898214418809337
227,0.9096319953545207,0.9096319953545207,0.9096319953545207
228,0.7557495743542515,0.7557495743542515,0.7557495743542515
229,0.5406408174555994,0.5406408174555994,0.5406408174555994
230,0.2817325568414303,0.2817325568414303,0.2817325568414303
231,-9.809554005910593e-16,-9.809554005910593e-16,-9.809554005910593e-16
232,-0.28173255684141857,-0.28173255684141857,-0.28173255684141857
233,-0.5406408174556011,-0.5406408174556011,-0.5406408174556011
234,-0.755749574354262,-0.755749574354262,-0.755749574354262
235,-0.9096319953545156,-0.9096319953545156,-0.9096319953545156
236,-0.989821441880932,-0.989821441880932,-0.989821441880932
237,-0.9898214418809312,-0.9898214418809312,-0.9898214418809312
238,-0.9096319953545192,-0.9096319953545192,-0.9096319953545192
239,-0.7557495743542585,-0.7557495743542585,-0.7557495743542585
240,-0.5406408174555966,-0.5406408174555966,-0.5406408174555966
241,-0.281732556841427,-0.281732556841427,-0.281732556841427
242,4.411204399476825e-15,4.411204399476825e-15,4.411204399476825e-15
243,0.28173255684143544,0.28173255684143544,0.28173255684143544
244,0.540640817455592,0.540640817455592,0.540640817455592
245,0.755749574354255,0.755749574354255,0.755749574354255
246,0.9096319953545229,0.9096319953545229,0.9096319953545229
247,0.9898214418809325,0.9898214418809325,0.9898214418809325
248,0.9898214418809328,0.9898214418809328,0.9898214418809328
249,0.9096319953545178,0.9096319953545178,0.9096319953545178
250,0.7557495743542563,0.7557495743542563,0.7557495743542563
251,0.5406408174555937,0.5406408174555937,0.5406408174555937
252,0.28173255684142373,0.28173255684142373,0.28173255684142373
253,6.369401316839413e-15,6.369401316839413e-15,6.369401316839413e-15
254,-0.2817325568414388,-0.2817325568414388,-0.2817325568414388
255,-0.5406408174555949,-0.5406408174555949,-0.5406408174555949
256,-0.7557495743542573,-0.7557495743542573,-0.7557495743542573
257,-0.9096319953545184,-0.9096319953545184,-0.9096319953545184
258,-0.9898214418809309,-0.9898214418809309,-0.9898214418809309
259,-0.9898214418809322,-0.9898214418809322,-0.9898214418809322
260,-0.9096319953545163,-0.9096319953545163,-0.9096319953545163
261,-0.7557495743542634,-0.7557495743542634,-0.7557495743542634
262,-0.5406408174556028,-0.5406408174556028,-0.5406408174556028
263,-0.2817325568414204,-0.2817325568414204,-0.2817325568414204
264,-2.9391523179536475e-15,-2.9391523179536475e-15,-2.9391523179536475e-15
265,0.2817325568414284,0.2817325568414284,0.2817325568414284
266,0.5406408174555978,0.5406408174555978,0.5406408174555978
267,0.7557495743542595,0.7557495743542595,0.7557495743542595
268,0.9096319953545198,0.9096319953545198,0.9096319953545198
269,0.9898214418809335,0.9898214418809335,0.9898214418809335
270,0.9898214418809338,0.9898214418809338,0.9898214418809338
271,0.9096319953545209,0.9096319953545209,0.9096319953545209
272,0.7557495743542518,0.7557495743542518,0.7557495743542518
273,0.5406408174555999,0.5406408174555999,0.5406408174555999
274,0.2817325568414308,0.2817325568414308,0.2817325568414308
275,-4.91096680932118e-16,-4.91096680932118e-16,-4.91096680932118e-16
276,-0.2817325568414317,-0.2817325568414317,-0.2817325568414317
277,-0.5406408174556007,-0.5406408174556007,-0.5406408174556007
278,-0.7557495743542617,-0.7557495743542617,-0.7557495743542617
279,-0.9096319953545153,-0.9096319953545153,-0.9096319953545153
280,-0.9898214418809339,-0.9898214418809339,-0.9898214418809339
281,-0.9898214418809312,-0.9898214418809312,-0.9898214418809312
282,-0.9096319953545194,-0.9096319953545194,-0.9096319953545194
283,-0.7557495743542588,-0.7557495743542588,-0.7557495743542588
284,-0.540640817455597,-0.540640817455597,-0.540640817455597
285,-0.28173255684142745,-0.28173255684142745,-0.28173255684142745
286,3.921345679817883e-15,3.921345679817883e-15,3.921345679817883e-15
287,0.281732556841435,0.281732556841435,0.281732556841435
288,0.5406408174555917,0.5406408174555917,0.5406408174555917
289,0.755749574354264,0.755749574354264,0.755749574354264
290,0.9096319953545168,0.9096319953545168,0.9096319953545168
291,0.9898214418809325,0.9898214418809325,0.9898214418809325
292,0.9898214418809328,0.9898214418809328,0.9898214418809328
293,0.909631995354518,0.909631995354518,0.909631995354518
294,0.7557495743542566,0.7557495743542566,0.7557495743542566
295,0.5406408174555941,0.5406408174555941,0.5406408174555941
296,0.28173255684143783,0.28173255684143783,0.28173255684143783
297,6.859260036498355e-15,6.859260036498355e-15,6.859260036498355e-15
298,-0.2817325568414383,-0.2817325568414383,-0.2817325568414383
299,-0.5406408174555946,-0.5406408174555946,-0.5406408174555946
300,-0.7557495743542569,-0.7557495743542569,-0.7557495743542569
301,-0.9096319953545182,-0.9096319953545182,-0.9096319953545182
302,-0.9898214418809329,-0.9898214418809329,-0.9898214418809329
303,-0.9898214418809324,-0.9898214418809324,-0.9898214418809324
304,-0.9096319953545166,-0.9096319953545166,-0.9096319953545166
305,-0.7557495743542637,-0.7557495743542637,-0.7557495743542637
306,-0.5406408174555912,-0.5406408174555912,-0.5406408174555912
307,-0.2817325568414209,-0.2817325568414209,-0.2817325568414209
308,-3.429011037612589e-15,-3.429011037612589e-15,-3.429011037612589e-15
309,0.28173255684142795,0.28173255684142795,0.28173255684142795
310,0.5406408174555974,0.5406408174555974,0.5406408174555974
311,0.7557495743542592,0.7557495743542592,0.7557495743542592
312,0.9096319953545197,0.9096319953545197,0.9096319953545197
313,0.9898214418809334,0.9898214418809334,0.9898214418809334
314,0.9898214418809339,0.9898214418809339,0.9898214418809339
315,0.9096319953545151,0.9096319953545151,0.9096319953545151
316,0.7557495743542522,0.7557495743542522,0.7557495743542522
317,0.5406408174556003,0.5406408174556003,0.5406408174556003
318,0.2817325568414312,0.2817325568414312,0.2817325568414312
319,-1.2379612731767154e-18,-1.2379612731767154e-18,-1.2379612731767154e-18
320,-0.2817325568414312,-0.2817325568414312,-0.2817325568414312
321,-0.5406408174556003,-0.5406408174556003,-0.5406408174556003
322,-0.7557495743542615,-0.7557495743542615,-0.7557495743542615
323,-0.9096319953545151,-0.9096319953545151,-0.9096319953545151
324,-0.9898214418809339,-0.9898214418809339,-0.9898214418809339
325,-0.9898214418809334,-0.9898214418809334,-0.9898214418809334
326,-0.9096319953545197,-0.9096319953545197,-0.9096319953545197
327,-0.7557495743542592,-0.7557495743542592,-0.7557495743542592
328,-0.5406408174555974,-0.5406408174555974,-0.5406408174555974
329,-0.28173255684142795,-0.28173255684142795,-0.28173255684142795
330,3.4314869601589423e-15,3.4314869601589423e-15,3.4314869601589423e-15
331,0.2817325568414209,0.2817325568414209,0.2817325568414209
332,0.5406408174556032,0.5406408174556032,0.5406408174556032
333,0.7557495743542637,0.7557495743542637,0.7557495743542637
334,0.9096319953545166,0.9096319953545166,0.9096319953545166
335,0.9898214418809324,0.9898214418809324,0.9898214418809324
336,0.9898214418809329,0.9898214418809329,0.9898214418809329
337,0.9096319953545182,0.9096319953545182,0.9096319953545182
338,0.7557495743542569,0.7557495743542569,0.7557495743542569
339,0.5406408174555946,0.5406408174555946,0.5406408174555946
340,0.2817325568414383,0.2817325568414383,0.2817325568414383
341,-6.861735959044708e-15,-6.861735959044708e-15,-6.861735959044708e-15
342,-0.28173255684143783,-0.28173255684143783,-0.28173255684143783
343,-0.5406408174555941,-0.5406408174555941,-0.5406408174555941
344,-0.7557495743542566,-0.7557495743542566,-0.7557495743542566
345,-0.9096319953545239,-0.9096319953545239,-0.9096319953545239
346,-0.9898214418809328,-0.9898214418809328,-0.9898214418809328
347,-0.9898214418809325,-0.9898214418809325,-0.9898214418809325
348,-0.9096319953545168,-0.9096319953545168,-0.9096319953545168
349,-0.755749574354264,-0.755749574354264,-0.755749574354264
350,-0.5406408174555917,-0.5406408174555917,-0.5406408174555917
351,-0.28173255684142134,-0.28173255684142134,-0.28173255684142134
352,-3.91886975727153e-15,-3.91886975727153e-15,-3.91886975727153e-15
353,0.28173255684142745,0.28173255684142745,0.28173255684142745
354,0.540640817455597,0.540640817455597,0.540640817455597
355,0.7557495743542588,0.7557495743542588,0.7557495743542588
356,0.9096319953545194,0.9096319953545194,0.9096319953545194
357,0.9898214418809312,0.9898214418809312,0.9898214418809312
358,0.9898214418809319,0.9898214418809319,0.9898214418809319
359,0.9096319953545153,0.9096319953545153,0.9096319953545153
360,0.7557495743542617,0.7557495743542617,0.7557495743542617
361,0.5406408174556007,0.5406408174556007,0.5406408174556007
362,0.2817325568414317,0.2817325568414317,0.2817325568414317
363,4.886207583857646e-16,4.886207583857646e-16,4.886207583857646e-16
364,-0.2817325568414308,-0.2817325568414308,-0.2817325568414308
365,-0.5406408174555999,-0.5406408174555999,-0.5406408174555999
366,-0.7557495743542518,-0.7557495743542518,-0.7557495743542518
367,-0.9096319953545209,-0.9096319953545209,-0.9096319953545209
368,-0.9898214418809338,-0.9898214418809338,-0.9898214418809338
369,-0.9898214418809335,-0.9898214418809335,-0.9898214418809335
370,-0.9096319953545198,-0.9096319953545198,-0.9096319953545198
371,-0.7557495743542502,-0.7557495743542502,-0.7557495743542502
372,-0.5406408174555978,-0.5406408174555978,-0.5406408174555978
373,-0.2817325568414284,-0.2817325568414284,-0.2817325568414284
374,2.941628240500001e-15,2.941628240500001e-15,2.941628240500001e-15
375,0.2817325568414204,0.2817325568414204,0.2817325568414204
376,0.5406408174556028,0.5406408174556028,0.5406408174556028
377,0.7557495743542634,0.7557495743542634,0.7557495743542634
378,0.9096319953545163,0.9096319953545163,0.9096319953545163
379,0.9898214418809322,0.9898214418809322,0.9898214418809322
380,0.9898214418809309,0.9898214418809309,0.9898214418809309
381,0.9096319953545184,0.9096319953545184,0.9096319953545184
382,0.7557495743542573,0.7557495743542573,0.7557495743542573
383,0.5406408174555949,0.5406408174555949,0.5406408174555949
384,0.2817325568414388,0.2817325568414388,0.2817325568414388
385,-6.371877239385766e-15,-6.371877239385766e-15,-6.371877239385766e-15
386,-0.28173255684143733,-0.28173255684143733,-0.28173255684143733
387,-0.5406408174555937,-0.5406408174555937,-0.5406408174555937
388,-0.7557495743542563,-0.7557495743542563,-0.7557495743542563
389,-0.9096319953545178,-0.9096319953545178,-0.9096319953545178
390,-0.9898214418809328,-0.9898214418809328,-0.9898214418809328
391,-0.9898214418809325,-0.9898214418809325,-0.9898214418809325
392,-0.9096319953545229,-0.9096319953545229,-0.9096319953545229
393,-0.755749574354255,-0.755749574354255,-0.755749574354255
394,-0.540640817455592,-0.540640817455592,-0.540640817455592
395,-0.28173255684143544,-0.28173255684143544,-0.28173255684143544
396,-4.408728476930472e-15,-4.408728476930472e-15,-4.408728476930472e-15
397,0.281732556841427,0.281732556841427,0.281732556841427
398,0.5406408174555966,0.5406408174555966,0.5406408174555966
399,0.7557495743542586,0.7557495743542586,0.7557495743542586
400,0.9096319953545192,0.9096319953545192,0.9096319953545192
401,0.9898214418809312,0.9898214418809312,0.9898214418809312
402,0.989821441880932,0.989821441880932,0.989821441880932
403,0.9096319953545156,0.9096319953545156,0.9096319953545156
404,0.755749574354262,0.755749574354262,0.755749574354262
405,0.5406408174556011,0.5406408174556011,0.5406408174556011
406,0.2817325568414185,0.2817325568414185,0.2817325568414185
407,9.784794780447059e-16,9.784794780447059e-16,9.784794780447059e-16
408,-0.2817325568414303,-0.2817325568414303,-0.2817325568414303
409,-0.5406408174555994,-0.5406408174555994,-0.5406408174555994
410,-0.7557495743542515,-0.7557495743542515,-0.7557495743542515
411,-0.9096319953545207,-0.9096319953545207,-0.9096319953545207
412,-0.9898214418809337,-0.9898214418809337,-0.9898214418809337
413,-0.9898214418809336,-0.9898214418809336,-0.9898214418809336
414,-0.90963199535452,-0.90963199535452,-0.90963199535452
415,-0.7557495743542505,-0.7557495743542505,-0.7557495743542505
416,-0.5406408174555982,-0.5406408174555982,-0.5406408174555982
417,-0.2817325568414289,-0.2817325568414289,-0.2817325568414289
418,2.45176952084106e-15,2.45176952084106e-15,2.45176952084106e-15
419,0.2817325568414336,0.2817325568414336,0.2817325568414336
420,0.5406408174555903,0.5406408174555903,0.5406408174555903
421,0.755749574354263,0.755749574354263,0.755749574354263
422,0.9096319953545221,0.9096319953545221,0.9096319953545221
423,0.9898214418809322,0.9898214418809322,0.9898214418809322
424,0.989821441880933,0.989821441880933,0.989821441880933
425,0.9096319953545245,0.9096319953545245,0.9096319953545245
426,0.7557495743542576,0.7557495743542576,0.7557495743542576
427,0.5406408174555953,0.5406408174555953,0.5406408174555953
428,0.2817325568414392,0.2817325568414392,0.2817325568414392
429,-5.882018519726826e-15,-5.882018519726826e-15,-5.882018519726826e-15
430,-0.2817325568414369,-0.2817325568414369,-0.2817325568414369
431,-0.5406408174555932,-0.5406408174555932,-0.5406408174555932
432,-0.7557495743542653,-0.7557495743542653,-0.7557495743542653
433,-0.9096319953545117,-0.9096319953545117,-0.9096319953545117
434,-0.9898214418809327,-0.9898214418809327,-0.9898214418809327
435,-0.9898214418809306,-0.9898214418809306,-0.9898214418809306
436,-0.9096319953545231,-0.9096319953545231,-0.9096319953545231
437,-0.7557495743542554,-0.7557495743542554,-0.7557495743542554
438,-0.5406408174556044,-0.5406408174556044,-0.5406408174556044
439,-0.28173255684143594,-0.28173255684143594,-0.28173255684143594
440,9.312267518612591e-15,9.312267518612591e-15,9.312267518612591e-15
441,0.28173255684142656,0.28173255684142656,0.28173255684142656
442,0.5406408174555961,0.5406408174555961,0.5406408174555961
443,0.7557495743542675,0.7557495743542675,0.7557495743542675
444,0.909631995354519,0.909631995354519,0.909631995354519
445,0.9898214418809331,0.9898214418809331,0.9898214418809331
446,0.9898214418809341,0.9898214418809341,0.9898214418809341
447,0.9096319953545158,0.9096319953545158,0.9096319953545158
448,0.755749574354253,0.755749574354253,0.755749574354253
449,0.5406408174556134,0.5406408174556134,0.5406408174556134
450,0.281732556841419,0.281732556841419,0.281732556841419
451,1.567919291290565e-14,1.567919291290565e-14,1.567919291290565e-14
452,-0.2817325568414162,-0.2817325568414162,-0.2817325568414162
453,-0.540640817455611,-0.540640817455611,-0.540640817455611
454,-0.7557495743542512,-0.7557495743542512,-0.7557495743542512
455,-0.9096319953545146,-0.9096319953545146,-0.9096319953545146
456,-0.9898214418809357,-0.9898214418809357,-0.9898214418809357
457,-0.9898214418809336,-0.9898214418809336,-0.9898214418809336
458,-0.9096319953545202,-0.9096319953545202,-0.9096319953545202
459,-0.7557495743542602,-0.7557495743542602,-0.7557495743542602
460,-0.5406408174555987,-0.5406408174555987,-0.5406408174555987
461,-0.28173255684142934,-0.28173255684142934,-0.28173255684142934
462,1.9619108011821185e-15,1.9619108011821185e-15,1.9619108011821185e-15
463,0.2817325568414331,0.2817325568414331,0.2817325568414331
464,0.540640817455578,0.540640817455578,0.540640817455578
465,0.7557495743542627,0.7557495743542627,0.7557495743542627
466,0.9096319953545219,0.9096319953545219,0.9096319953545219
467,0.9898214418809301,0.9898214418809301,0.9898214418809301
468,0.9898214418809311,0.9898214418809311,0.9898214418809311
469,0.9096319953545129,0.9096319953545129,0.9096319953545129
470,0.7557495743542673,0.7557495743542673,0.7557495743542673
471,0.5406408174555838,0.5406408174555838,0.5406408174555838
472,0.2817325568414397,0.2817325568414397,0.2817325568414397
473,8.81869491513412e-15,8.81869491513412e-15,8.81869491513412e-15
474,-0.28173255684145004,-0.28173255684145004,-0.28173255684145004
475,-0.5406408174555929,-0.5406408174555929,-0.5406408174555929
476,-0.7557495743542556,-0.7557495743542556,-0.7557495743542556
477,-0.9096319953545173,-0.9096319953545173,-0.9096319953545173
478,-0.9898214418809326,-0.9898214418809326,-0.9898214418809326
479,-0.9898214418809326,-0.9898214418809326,-0.9898214418809326
480,-0.9096319953545173,-0.9096319953545173,-0.9096319953545173
481,-0.7557495743542556,-0.7557495743542556,-0.7557495743542556
482,-0.5406408174555929,-0.5406408174555929,-0.5406408174555929
483,-0.2817325568414228,-0.2817325568414228,-0.2817325568414228
484,8.82240879895365e-15,8.82240879895365e-15,8.82240879895365e-15
485,0.2817325568414124,0.2817325568414124,0.2817325568414124
486,0.5406408174556077,0.5406408174556077,0.5406408174556077
487,0.7557495743542673,0.7557495743542673,0.7557495743542673
488,0.9096319953545129,0.9096319953545129,0.9096319953545129
489,0.9898214418809351,0.9898214418809351,0.9898214418809351
490,0.9898214418809341,0.9898214418809341,0.9898214418809341
491,0.9096319953545219,0.9096319953545219,0.9096319953545219
492,0.7557495743542441,0.7557495743542441,0.7557495743542441
493,0.5406408174556019,0.5406408174556019,0.5406408174556019
494,0.2817325568414331,0.2817325568414331,0.2817325568414331
495,-2.646351251304142e-14,-2.646351251304142e-14,-2.646351251304142e-14
496,-0.28173255684142934,-0.28173255684142934,-0.28173255684142934
497,-0.5406408174555987,-0.5406408174555987,-0.5406408174555987
498,-0.7557495743542602,-0.7557495743542602,-0.7557495743542602
499,-0.9096319953545202,-0.9096319953545202,-0.9096319953545202
500,-0.9898214418809336,-0.9898214418809336,-0.9898214418809336
501,-0.9898214418809317,-0.9898214418809317,-0.9898214418809317
502,-0.9096319953545146,-0.9096319953545146,-0.9096319953545146
503,-0.7557495743542698,-0.7557495743542698,-0.7557495743542698
504,-0.5406408174555871,-0.5406408174555871,-0.5406408174555871
505,-0.2817325568414162,-0.2817325568414162,-0.2817325568414162
506,-1.2738802633678827e-14,-1.2738802633678827e-14,-1.2738802633678827e-14
507,0.281732556841419,0.281732556841419,0.281732556841419
508,0.5406408174556134,0.5406408174556134,0.5406408174556134
509,0.755749574354253,0.755749574354253,0.755749574354253
510,0.9096319953545158,0.9096319953545158,0.9096319953545158
511,0.989821441880932,0.989821441880932,0.989821441880932
512,0.9898214418809331,0.9898214418809331,0.9898214418809331
513,0.909631995354519,0.909631995354519,0.909631995354519
514,0.7557495743542583,0.7557495743542583,0.7557495743542583
515,0.5406408174555961,0.5406408174555961,0.5406408174555961
516,0.2817325568414538,0.2817325568414538,0.2817325568414538
517,-4.902301080408943e-15,-4.902301080408943e-15,-4.902301080408943e-15
518,-0.28173255684143594,-0.28173255684143594,-0.28173255684143594
519,-0.5406408174555805,-0.5406408174555805,-0.5406408174555805
520,-0.5906059206445495,-0.9594154198408809,-0.8860549570398197
521,-1.1522999196938306,-0.9380446860355904,-0.24785297053688637
522,-1.0327127047665483,-0.5424045540436442,-0.33378561518879457
523,-0.8632278160103772,-1.1814920408863259,-0.6886052725172676
524,-0.9963060355810336,-1.042826583248343,-0.7937760756020666
525,-0.7557495743542653,-0.7557495743542653,-0.7557495743542653
526,-0.5406408174555813,-0.5406408174555813,-0.5406408174555813
527,-0.2817325568414369,-0.2817325568414369,-0.2817325568414369
528,-5.878304635907295e-15,-5.878304635907295e-15,-5.878304635907295e-15
529,0.2817325568414256,0.2817325568414256,0.2817325568414256
530,0.5406408174555953,0.5406408174555953,0.5406408174555953
531,0.7557495743542576,0.7557495743542576,0.7557495743542576
532,0.9096319953545186,0.9096319953545186,0.9096319953545186
533,0.989821441880933,0.989821441880933,0.989821441880933
534,0.9898214418809322,0.9898214418809322,0.9898214418809322
535,0.9096319953545161,0.9096319953545161,0.9096319953545161
536,0.7557495743542537,0.7557495743542537,0.7557495743542537
537,0.5406408174556143,0.5406408174556143,0.5406408174556143
538,0.28173255684141996,0.28173255684141996,0.28173255684141996
539,-1.1762799078180474e-14,-1.1762799078180474e-14,-1.1762799078180474e-14
540,-0.28173255684141524,-0.28173255684141524,-0.28173255684141524
541,-0.5406408174556102,-0.5406408174556102,-0.5406408174556102
542,-0.7557495743542505,-0.7557495743542505,-0.7557495743542505
543,-0.9096319953545141,-0.9096319953545141,-0.9096319953545141
544,-0.9898214418809356,-0.9898214418809356,-0.9898214418809356
545,-0.9898214418809337,-0.9898214418809337,-0.9898214418809337
546,-0.9096319953545207,-0.9096319953545207,-0.9096319953545207
547,-0.7557495743542422,-0.7557495743542422,-0.7557495743542422
548,-0.5406408174555994,-0.5406408174555994,-0.5406408174555994
549,-0.2817325568414303,-0.2817325568414303,-0.2817325568414303
550,9.82193361864236e-16,9.82193361864236e-16,9.82193361864236e-16
551,0.28173255684143217,0.28173255684143217,0.28173255684143217
552,0.5406408174556011,0.5406408174556011,0.5406408174556011
553,0.755749574354262,0.755749574354262,0.755749574354262
554,0.9096319953545214,0.9096319953545214,0.9096319953545214
555,0.98982144188093,0.98982144188093,0.98982144188093
556,0.9898214418809312,0.9898214418809312,0.9898214418809312
557,0.9096319953545133,0.9096319953545133,0.9096319953545133
558,0.7557495743542678,0.7557495743542678,0.7557495743542678
559,0.5406408174555846,0.5406408174555846,0.5406408174555846
560,0.28173255684141335,0.28173255684141335,0.28173255684141335
561,9.798412354452001e-15,9.798412354452001e-15,9.798412354452001e-15
562,-0.2817325568414491,-0.2817325568414491,-0.2817325568414491
563,-0.540640817455592,-0.540640817455592,-0.540640817455592
564,-0.755749574354255,-0.755749574354255,-0.755749574354255
565,-0.9096319953545288,-0.9096319953545288,-0.9096319953545288
566,-0.9898214418809325,-0.9898214418809325,-0.9898214418809325
567,-0.9898214418809328,-0.9898214418809328,-0.9898214418809328
568,-0.9096319953545178,-0.9096319953545178,-0.9096319953545178
569,-0.7557495743542563,-0.7557495743542563,-0.7557495743542563
570,-0.5406408174555937,-0.5406408174555937,-0.5406408174555937
571,-0.28173255684142373,-0.28173255684142373,-0.28173255684142373
572,7.842691359635767e-15,7.842691359635767e-15,7.842691359635767e-15
573,0.2817325568414388,0.2817325568414388,0.2817325568414388
574,0.5406408174556069,0.5406408174556069,0.5406408174556069
575,0.7557495743542666,0.7557495743542666,0.7557495743542666
576,0.9096319953545124,0.9096319953545124,0.9096319953545124
577,0.9898214418809309,0.9898214418809309,0.9898214418809309
578,0.9898214418809302,0.9898214418809302,0.9898214418809302
579,0.9096319953545222,0.9096319953545222,0.9096319953545222
580,0.7557495743542634,0.7557495743542634,0.7557495743542634
581,0.5406408174556028,0.5406408174556028,0.5406408174556028
582,0.28173255684143406,0.28173255684143406,0.28173255684143406
583,2.937914356680471e-15,2.937914356680471e-15,2.937914356680471e-15
584,-0.2817325568414284,-0.2817325568414284,-0.2817325568414284
585,-0.5406408174555978,-0.5406408174555978,-0.5406408174555978
586,-0.7557495743542595,-0.7557495743542595,-0.7557495743542595
587,-0.9096319953545198,-0.9096319953545198,-0.9096319953545198
588,-0.9898214418809335,-0.9898214418809335,-0.9898214418809335
589,-0.9898214418809358,-0.9898214418809358,-0.9898214418809358
590,-0.9096319953545149,-0.9096319953545149,-0.9096319953545149
591,-0.7557495743542518,-0.7557495743542518,-0.7557495743542518
592,-0.5406408174556118,-0.5406408174556118,-0.5406408174556118
593,-0.2817325568414171,-0.2817325568414171,-0.2817325568414171
594,-1.371852007299671e-14,-1.371852007299671e-14,-1.371852007299671e-14
595,0.28173255684141807,0.28173255684141807,0.28173255684141807
596,0.5406408174556127,0.5406408174556127,0.5406408174556127
597,0.7557495743542525,0.7557495743542525,0.7557495743542525
598,0.9096319953545153,0.9096319953545153,0.9096319953545153
599,0.989821441880936,0.989821441880936,0.989821441880936
600,0.9898214418809334,0.9898214418809334,0.9898214418809334
601,0.9096319953545194,0.9096319953545194,0.9096319953545194
602,0.7557495743542588,0.7557495743542588,0.7557495743542588
603,0.540640817455597,0.540640817455597,0.540640817455597
604,0.28173255684142745,0.28173255684142745,0.28173255684142745
605,-3.92258364109106e-15,-3.92258364109106e-15,-3.92258364109106e-15
606,-0.281732556841435,-0.281732556841435,-0.281732556841435
607,-0.5406408174555797,-0.5406408174555797,-0.5406408174555797
608,-0.755749574354264,-0.755749574354264,-0.755749574354264
609,-0.9096319953545227,-0.9096319953545227,-0.9096319953545227
610,-0.9898214418809304,-0.9898214418809304,-0.9898214418809304
611,-0.9898214418809308,-0.9898214418809308,-0.9898214418809308
612,-0.9096319953545121,-0.9096319953545121,-0.9096319953545121
613,-0.7557495743542659,-0.7557495743542659,-0.7557495743542659
614,-0.5406408174555821,-0.5406408174555821,-0.5406408174555821
615,-0.28173255684143783,-0.28173255684143783,-0.28173255684143783
616,-6.858022075225178e-15,-6.858022075225178e-15,-6.858022075225178e-15
617,0.28173255684145193,0.28173255684145193,0.28173255684145193
618,0.5406408174555946,0.5406408174555946,0.5406408174555946
619,0.7557495743542569,0.7557495743542569,0.7557495743542569
620,0.9096319953545182,0.9096319953545182,0.9096319953545182
621,0.9898214418809329,0.9898214418809329,0.9898214418809329
622,0.9898214418809324,0.9898214418809324,0.9898214418809324
623,0.9096319953545166,0.9096319953545166,0.9096319953545166
624,0.7557495743542544,0.7557495743542544,0.7557495743542544
625,0.5406408174555912,0.5406408174555912,0.5406408174555912
626,0.2817325568414209,0.2817325568414209,0.2817325568414209
627,-1.0783081638862592e-14,-1.0783081638862592e-14,-1.0783081638862592e-14
628,-0.2817325568414143,-0.2817325568414143,-0.2817325568414143
629,-0.5406408174556093,-0.5406408174556093,-0.5406408174556093
630,-0.7557495743542685,-0.7557495743542685,-0.7557495743542685
631,-0.9096319953545137,-0.9096319953545137,-0.9096319953545137
632,-0.9898214418809355,-0.9898214418809355,-0.9898214418809355
633,-0.9898214418809339,-0.9898214418809339,-0.9898214418809339
634,-0.909631995354521,-0.909631995354521,-0.909631995354521
635,-0.7557495743542428,-0.7557495743542428,-0.7557495743542428
636,-0.5406408174556003,-0.5406408174556003,-0.5406408174556003
637,-0.2817325568414312,-0.2817325568414312,-0.2817325568414312
638,2.475922546353431e-18,2.475922546353431e-18,2.475922546353431e-18
639,0.2817325568414312,0.2817325568414312,0.2817325568414312
640,0.5406408174556003,0.5406408174556003,0.5406408174556003
641,0.7557495743542615,0.7557495743542615,0.7557495743542615
642,0.909631995354521,0.909631995354521,0.909631995354521
643,0.9898214418809339,0.9898214418809339,0.9898214418809339
644,0.9898214418809314,0.9898214418809314,0.9898214418809314
645,0.9096319953545137,0.9096319953545137,0.9096319953545137
646,0.7557495743542685,0.7557495743542685,0.7557495743542685
647,0.5406408174556093,0.5406408174556093,0.5406408174556093
648,0.2817325568414143,0.2817325568414143,0.2817325568414143
649,1.0778129793769884e-14,1.0778129793769884e-14,1.0778129793769884e-14
650,-0.2817325568414209,-0.2817325568414209,-0.2817325568414209
651,-0.5406408174556151,-0.5406408174556151,-0.5406408174556151
652,-0.7557495743542544,-0.7557495743542544,-0.7557495743542544
653,-0.9096319953545166,-0.9096319953545166,-0.9096319953545166
654,-0.9898214418809324,-0.9898214418809324,-0.9898214418809324
655,-0.9898214418809329,-0.9898214418809329,-0.9898214418809329
656,-0.9096319953545182,-0.9096319953545182,-0.9096319953545182
657,-0.7557495743542569,-0.7557495743542569,-0.7557495743542569
658,-0.5406408174555946,-0.5406408174555946,-0.5406408174555946
659,-0.28173255684145193,-0.28173255684145193,-0.28173255684145193
660,6.8629739203178846e-15,6.8629739203178846e-15,6.8629739203178846e-15
661,0.28173255684143783,0.28173255684143783,0.28173255684143783
662,0.5406408174555821,0.5406408174555821,0.5406408174555821
663,0.7557495743542659,0.7557495743542659,0.7557495743542659
664,0.9096319953545239,0.9096319953545239,0.9096319953545239
665,0.9898214418809308,0.9898214418809308,0.9898214418809308
666,0.9898214418809304,0.9898214418809304,0.9898214418809304
667,0.9096319953545227,0.9096319953545227,0.9096319953545227
668,0.755749574354264,0.755749574354264,0.755749574354264
669,0.5406408174555797,0.5406408174555797,0.5406408174555797
670,0.281732556841435,0.281732556841435,0.281732556841435
671,3.917631795998353e-15,3.917631795998353e-15,3.917631795998353e-15
672,-0.28173255684142745,-0.28173255684142745,-0.28173255684142745
673,-0.540640817455597,-0.540640817455597,-0.540640817455597
674,-0.7557495743542588,-0.7557495743542588,-0.7557495743542588
675,-0.9096319953545194,-0.9096319953545194,-0.9096319953545194
676,-0.9898214418809334,-0.9898214418809334,-0.9898214418809334
677,-0.9898214418809319,-0.9898214418809319,-0.9898214418809319
678,-0.9096319953545153,-0.9096319953545153,-0.9096319953545153
679,-0.7557495743542525,-0.7557495743542525,-0.7557495743542525
680,-0.5406408174556127,-0.5406408174556127,-0.5406408174556127
681,-0.28173255684141807,-0.28173255684141807,-0.28173255684141807
682,1.3723471918089415e-14,1.3723471918089415e-14,1.3723471918089415e-14
683,0.2817325568414171,0.2817325568414171,0.2817325568414171
684,0.5406408174556119,0.5406408174556119,0.5406408174556119
685,0.7557495743542518,0.7557495743542518,0.7557495743542518
686,0.9096319953545149,0.9096319953545149,0.9096319953545149
687,0.9898214418809358,0.9898214418809358,0.9898214418809358
688,0.9898214418809335,0.9898214418809335,0.9898214418809335
689,0.9096319953545198,0.9096319953545198,0.9096319953545198
690,0.755749574354241,0.755749574354241,0.755749574354241
691,0.5406408174555978,0.5406408174555978,0.5406408174555978
692,0.2817325568414284,0.2817325568414284,0.2817325568414284
693,-2.942866201773178e-15,-2.942866201773178e-15,-2.942866201773178e-15
694,-0.28173255684143406,-0.28173255684143406,-0.28173255684143406
695,-0.5406408174556028,-0.5406408174556028,-0.5406408174556028
696,-0.7557495743542634,-0.7557495743542634,-0.7557495743542634
697,-0.9096319953545222,-0.9096319953545222,-0.9096319953545222
698,-0.9898214418809302,-0.9898214418809302,-0.9898214418809302
699,-0.9898214418809309,-0.9898214418809309,-0.9898214418809309
700,-0.9096319953545124,-0.9096319953545124,-0.9096319953545124
701,-0.7557495743542666,-0.7557495743542666,-0.7557495743542666
702,-0.540640817455583,-0.540640817455583,-0.540640817455583
703,-0.28173255684141146,-0.28173255684141146,-0.28173255684141146
704,-7.83773951454306e-15,-7.83773951454306e-15,-7.83773951454306e-15
705,0.281732556841451,0.281732556841451,0.281732556841451
706,0.5406408174555937,0.5406408174555937,0.5406408174555937
707,0.7557495743542563,0.7557495743542563,0.7557495743542563
708,0.9096319953545178,0.9096319953545178,0.9096319953545178
709,0.9898214418809328,0.9898214418809328,0.9898214418809328
710,0.9898214418809325,0.9898214418809325,0.9898214418809325
711,0.909631995354517,0.909631995354517,0.909631995354517
712,0.755749574354255,0.755749574354255,0.755749574354255
713,0.540640817455592,0.540640817455592,0.540640817455592
714,0.2817325568414491,0.2817325568414491,0.2817325568414491
715,-9.803364199544709e-15,-9.803364199544709e-15,-9.803364199544709e-15
716,-0.28173255684144066,-0.28173255684144066,-0.28173255684144066
717,-0.5406408174555846,-0.5406408174555846,-0.5406408174555846
718,-0.7557495743542678,-0.7557495743542678,-0.7557495743542678
719,-0.9096319953545133,-0.9096319953545133,-0.9096319953545133
720,-0.9898214418809312,-0.9898214418809312,-0.9898214418809312
721,-0.98982144188093,-0.98982144188093,-0.98982144188093
722,-0.9096319953545214,-0.9096319953545214,-0.9096319953545214
723,-0.755749574354262,-0.755749574354262,-0.755749574354262
724,-0.5406408174556011,-0.5406408174556011,-0.5406408174556011
725,-0.28173255684143217,-0.28173255684143217,-0.28173255684143217
726,-9.772415167715292e-16,-9.772415167715292e-16,-9.772415167715292e-16
727,0.2817325568414303,0.2817325568414303,0.2817325568414303
728,0.5406408174555994,0.5406408174555994,0.5406408174555994
729,0.7557495743542608,0.7557495743542608,0.7557495743542608
730,0.9096319953545207,0.9096319953545207,0.9096319953545207
731,0.9898214418809337,0.9898214418809337,0.9898214418809337
732,0.9898214418809356,0.9898214418809356,0.9898214418809356
733,0.9096319953545141,0.9096319953545141,0.9096319953545141
734,0.7557495743542505,0.7557495743542505,0.7557495743542505
735,0.5406408174556102,0.5406408174556102,0.5406408174556102
736,0.28173255684141524,0.28173255684141524,0.28173255684141524
737,1.1757847233087767e-14,1.1757847233087767e-14,1.1757847233087767e-14
738,-0.28173255684141996,-0.28173255684141996,-0.28173255684141996
739,-0.5406408174556143,-0.5406408174556143,-0.5406408174556143
740,-0.7557495743542537,-0.7557495743542537,-0.7557495743542537
741,-0.9096319953545161,-0.9096319953545161,-0.9096319953545161
742,-0.9898214418809362,-0.9898214418809362,-0.9898214418809362
743,-0.989821441880933,-0.989821441880933,-0.989821441880933
744,-0.9096319953545186,-0.9096319953545186,-0.9096319953545186
745,-0.7557495743542576,-0.7557495743542576,-0.7557495743542576
746,-0.5406408174555953,-0.5406408174555953,-0.5406408174555953
747,-0.2817325568414256,-0.2817325568414256,-0.2817325568414256
748,5.883256481000002e-15,5.883256481000002e-15,5.883256481000002e-15
749,0.2817325568414369,0.2817325568414369,0.2817325568414369
750,0.5406408174555813,0.5406408174555813,0.5406408174555813
751,0.7557495743542653,0.7557495743542653,0.7557495743542653
752,0.9096319953545234,0.9096319953545234,0.9096319953545234
753,0.9898214418809307,0.9898214418809307,0.9898214418809307
754,0.9898214418809306,0.9898214418809306,0.9898214418809306
755,0.9096319953545112,0.9096319953545112,0.9096319953545112
756,0.7557495743542646,0.7557495743542646,0.7557495743542646
757,0.5406408174555805,0.5406408174555805,0.5406408174555805
758,0.28173255684143594,0.28173255684143594,0.28173255684143594
759,4.897349235316236e-15,4.897349235316236e-15,4.897349235316236e-15
760,-0.2817325568414538,-0.2817325568414538,-0.2817325568414538
761,-0.5406408174555961,-0.5406408174555961,-0.5406408174555961
762,-0.7557495743542583,-0.7557495743542583,-0.7557495743542583
763,-0.909631995354519,-0.909631995354519,-0.909631995354519
764,-0.9898214418809331,-0.9898214418809331,-0.9898214418809331
765,-0.989821441880932,-0.989821441880932,-0.989821441880932
766,-0.9096319953545158,-0.9096319953545158,-0.9096319953545158
767,-0.755749574354253,-0.755749574354253,-0.755749574354253
768,-0.5406408174556134,-0.5406408174556134,-0.5406408174556134
769,-0.281732556841419,-0.281732556841419,-0.281732556841419
770,1.2743754478771533e-14,1.2743754478771533e-14,1.2743754478771533e-14
771,0.2817325568414162,0.2817325568414162,0.2817325568414162
772,0.540640817455611,0.540640817455611,0.540640817455611
773,0.7557495743542698,0.7557495743542698,0.7557495743542698
774,0.9096319953545146,0.9096319953545146,0.9096319953545146
775,0.9898214418809317,0.9898214418809317,0.9898214418809317
776,0.9898214418809336,0.9898214418809336,0.9898214418809336
777,0.9096319953545202,0.9096319953545202,0.9096319953545202
778,0.7557495743542602,0.7557495743542602,0.7557495743542602
779,0.5406408174555987,0.5406408174555987,0.5406408174555987
780,0.28173255684142934,0.28173255684142934,0.28173255684142934
781,-1.963148762455295e-15,-1.963148762455295e-15,-1.963148762455295e-15
782,-0.2817325568414331,-0.2817325568414331,-0.2817325568414331
783,-0.5406408174556019,-0.5406408174556019,-0.5406408174556019
784,-0.7557495743542441,-0.7557495743542441,-0.7557495743542441
785,-0.9096319953545219,-0.9096319953545219,-0.9096319953545219
786,-0.9898214418809341,-0.9898214418809341,-0.9898214418809341
787,-0.9898214418809351,-0.9898214418809351,-0.9898214418809351
788,-0.9096319953545129,-0.9096319953545129,-0.9096319953545129
789,-0.7557495743542673,-0.7557495743542673,-0.7557495743542673
790,-0.5406408174556077,-0.5406408174556077,-0.5406408174556077
791,-0.2817325568414124,-0.2817325568414124,-0.2817325568414124
792,-8.817456953860943e-15,-8.817456953860943e-15,-8.817456953860943e-15
793,0.2817325568414228,0.2817325568414228,0.2817325568414228
794,0.5406408174555929,0.5406408174555929,0.5406408174555929
795,0.7557495743542557,0.7557495743542557,0.7557495743542557
796,0.9096319953545173,0.9096319953545173,0.9096319953545173
797,0.9898214418809326,0.9898214418809326,0.9898214418809326
798,0.9898214418809326,0.9898214418809326,0.9898214418809326
799,0.9096319953545173,0.9096319953545173,0.9096319953545173
800,0.7557495743542556,0.7557495743542556,0.9769601471231283
801,0.5406408174555929,0.5406408174555929,0.9878604259008326
802,0.28173255684145004,0.28173255684145004,0.0009823963207326591
803,-8.823646760226826e-15,-8.823646760226826e-15,0.35274871343462216
804,-0.2817325568414397,-0.2817325568414397,-0.6578967571661434
805,-0.5406408174555838,-0.5406408174555838,-0.5406408174555838
806,-0.7557495743542673,-0.7557495743542673,-0.7557495743542673
807,-0.9096319953545129,-0.9096319953545129,-0.9096319953545129
808,-0.9898214418809311,-0.9898214418809311,-0.9898214418809311
809,-0.9898214418809301,-0.9898214418809301,-0.9898214418809301
810,-0.9096319953545219,-0.9096319953545219,-0.9096319953545219
811,-0.7557495743542627,-0.7557495743542627,-0.7557495743542627
812,-0.540640817455578,-0.540640817455578,-0.540640817455578
813,-0.2817325568414331,-0.2817325568414331,-0.2817325568414331
814,-1.9569589560894117e-15,-1.9569589560894117e-15,-1.9569589560894117e-15
815,0.28173255684142934,0.28173255684142934,0.28173255684142934
816,0.5406408174555987,0.5406408174555987,0.5406408174555987
817,0.7557495743542602,0.7557495743542602,0.7557495743542602
818,0.9096319953545202,0.9096319953545202,0.9096319953545202
819,0.9898214418809336,0.9898214418809336,0.9898214418809336
820,0.9898214418809357,0.9898214418809357,0.9898214418809357
821,0.9096319953545146,0.9096319953545146,0.9096319953545146
822,0.7557495743542512,0.7557495743542512,0.7557495743542512
823,0.540640817455611,0.540640817455611,0.540640817455611
824,0.2817325568414162,0.2817325568414162,0.2817325568414162
825,-1.5684144757998358e-14,-1.5684144757998358e-14,-1.5684144757998358e-14
826,-0.281732556841419,-0.281732556841419,-0.281732556841419
827,-0.5406408174556134,-0.5406408174556134,-0.5406408174556134
828,-0.755749574354253,-0.755749574354253,-0.755749574354253
829,-0.9096319953545158,-0.9096319953545158,-0.9096319953545158
830,-0.9898214418809361,-0.9898214418809361,-0.9898214418809361
831,-0.9898214418809331,-0.9898214418809331,-0.9898214418809331
832,-0.909631995354519,-0.909631995354519,-0.909631995354519
833,-0.7557495743542583,-0.7557495743542583,-0.7557495743542583
834,-0.5406408174555961,-0.5406408174555961,-0.5406408174555961
835,-0.2817325568414538,-0.2817325568414538,-0.2817325568414538
836,4.90353904168212e-15,4.90353904168212e-15,4.90353904168212e-15
837,0.28173255684143594,0.28173255684143594,0.28173255684143594
838,0.5406408174556044,0.5406408174556044,0.5406408174556044
839,0.7557495743542646,0.7557495743542646,0.7557495743542646
840,0.9096319953545112,0.9096319953545112,0.9096319953545112
841,0.9898214418809306,0.9898214418809306,0.9898214418809306
842,0.9898214418809307,0.9898214418809307,0.9898214418809307
843,0.9096319953545117,0.9096319953545117,0.9096319953545117
844,0.7557495743542467,0.7557495743542467,0.7557495743542467
845,0.5406408174556052,0.5406408174556052,0.5406408174556052
846,0.2817325568414369,0.2817325568414369,0.2817325568414369
847,5.877066674634119e-15,5.877066674634119e-15,5.877066674634119e-15
848,-0.2817325568414256,-0.2817325568414256,-0.2817325568414256
849,-0.5406408174556192,-0.5406408174556192,-0.5406408174556192
850,-0.755749574354239,-0.755749574354239,-0.755749574354239
851,-0.9096319953545186,-0.9096319953545186,-0.9096319953545186
852,-0.989821441880933,-0.989821441880933,-0.989821441880933
853,-0.9898214418809322,-0.9898214418809322,-0.9898214418809322
854,-0.9096319953545161,-0.9096319953545161,-0.9096319953545161
855,-0.7557495743542351,-0.7557495743542351,-0.7557495743542351
856,-0.5406408174556143,-0.5406408174556143,-0.5406408174556143
857,-0.2817325568414472,-0.2817325568414472,-0.2817325568414472
858,1.1764037039453651e-14,1.1764037039453651e-14,1.1764037039453651e-14
859,0.28173255684144255,0.28173255684144255,0.28173255684144255
860,0.5406408174556102,0.5406408174556102,0.5406408174556102
861,0.7557495743542505,0.7557495743542505,0.7557495743542505
862,0.9096319953545141,0.9096319953545141,0.9096319953545141
863,0.9898214418809315,0.9898214418809315,0.9898214418809315
864,0.9898214418809297,0.9898214418809297,0.9898214418809297
865,0.9096319953545088,0.9096319953545088,0.9096319953545088
866,0.7557495743542794,0.7557495743542794,0.7557495743542794
867,0.5406408174555994,0.5406408174555994,0.5406408174555994
868,0.2817325568414303,0.2817325568414303,0.2817325568414303
869,-9.834313231374127e-16,-9.834313231374127e-16,-9.834313231374127e-16
870,-0.2817325568414594,-0.2817325568414594,-0.2817325568414594
871,-0.5406408174555772,-0.5406408174555772,-0.5406408174555772
872,-0.7557495743542435,-0.7557495743542435,-0.7557495743542435
873,-0.9096319953545214,-0.9096319953545214,-0.9096319953545214
874,-0.989821441880934,-0.989821441880934,-0.989821441880934
875,-0.9898214418809312,-0.9898214418809312,-0.9898214418809312
876,-0.9096319953545251,-0.9096319953545251,-0.9096319953545251
877,-0.7557495743542678,-0.7557495743542678,-0.7557495743542678
878,-0.5406408174556085,-0.5406408174556085,-0.5406408174556085
879,-0.28173255684141335,-0.28173255684141335,-0.28173255684141335
880,1.8624535037225183e-14,1.8624535037225183e-14,1.8624535037225183e-14
881,0.2817325568414491,0.2817325568414491,0.2817325568414491
882,0.540640817455592,0.540640817455592,0.540640817455592
883,0.755749574354255,0.755749574354255,0.755749574354255
884,0.909631995354517,0.909631995354517,0.909631995354517
885,0.9898214418809366,0.9898214418809366,0.9898214418809366
886,0.9898214418809287,0.9898214418809287,0.9898214418809287
887,0.9096319953545295,0.9096319953545295,0.9096319953545295
888,0.7557495743542563,0.7557495743542563,0.7557495743542563
889,0.5406408174555937,0.5406408174555937,0.5406408174555937
890,0.28173255684142373,0.28173255684142373,0.28173255684142373
891,-3.626563875131295e-14,-3.626563875131295e-14,-3.626563875131295e-14
892,-0.2817325568414115,-0.2817325568414115,-0.2817325568414115
893,-0.540640817455583,-0.540640817455583,-0.540640817455583
894,-0.7557495743542666,-0.7557495743542666,-0.7557495743542666
895,-0.9096319953545243,-0.9096319953545243,-0.9096319953545243
896,-0.989821441880935,-0.989821441880935,-0.989821441880935
897,-0.9898214418809342,-0.9898214418809342,-0.9898214418809342
898,-0.9096319953545341,-0.9096319953545341,-0.9096319953545341
899,-0.7557495743542634,-0.7557495743542634,-0.7557495743542634
900,-0.5406408174555788,-0.5406408174555788,-0.5406408174555788
901,-0.28173255684143406,-0.28173255684143406,-0.28173255684143406
902,-3.13583858258113e-14,-3.13583858258113e-14,-3.13583858258113e-14
903,0.2817325568414284,0.2817325568414284,0.2817325568414284
904,0.5406408174555739,0.5406408174555739,0.5406408174555739
905,0.7557495743542595,0.7557495743542595,0.7557495743542595
906,0.9096319953545317,0.9096319953545317,0.9096319953545317
907,0.9898214418809335,0.9898214418809335,0.9898214418809335
908,0.9898214418809358,0.9898214418809358,0.9898214418809358
909,0.9096319953545149,0.9096319953545149,0.9096319953545149
910,0.7557495743542704,0.7557495743542704,0.7557495743542704
911,0.5406408174555879,0.5406408174555879,0.5406408174555879
912,0.28173255684138987,0.28173255684138987,0.28173255684138987
913,4.213899154212754e-14,4.213899154212754e-14,4.213899154212754e-14
914,-0.28173255684141807,-0.28173255684141807,-0.28173255684141807
915,-0.5406408174556127,-0.5406408174556127,-0.5406408174556127
916,-0.7557495743542525,-0.7557495743542525,-0.7557495743542525
917,-0.9096319953545271,-0.9096319953545271,-0.9096319953545271
918,-0.9898214418809319,-0.9898214418809319,-0.9898214418809319
919,-0.9898214418809373,-0.9898214418809373,-0.9898214418809373
920,-0.9096319953545194,-0.9096319953545194,-0.9096319953545194
921,-0.7557495743542403,-0.7557495743542403,-0.7557495743542403
922,-0.540640817455597,-0.540640817455597,-0.540640817455597
923,-0.28173255684145476,-0.28173255684145476,-0.28173255684145476
924,3.923821602364237e-15,3.923821602364237e-15,3.923821602364237e-15
925,0.28173255684140774,0.28173255684140774,0.28173255684140774
926,0.5406408174556036,0.5406408174556036,0.5406408174556036
927,0.7557495743542826,0.7557495743542826,0.7557495743542826
928,0.909631995354499,0.909631995354499,0.909631995354499
929,0.9898214418809304,0.9898214418809304,0.9898214418809304
930,0.9898214418809308,0.9898214418809308,0.9898214418809308
931,0.9096319953545239,0.9096319953545239,0.9096319953545239
932,0.7557495743542473,0.7557495743542473,0.7557495743542473
933,0.5406408174555583,0.5406408174555583,0.5406408174555583
934,0.2817325568414651,0.2817325568414651,0.2817325568414651
935,6.856784113952001e-15,6.856784113952001e-15,6.856784113952001e-15
936,-0.28173255684145193,-0.28173255684145193,-0.28173255684145193
937,-0.5406408174555946,-0.5406408174555946,-0.5406408174555946
938,-0.7557495743542756,-0.7557495743542756,-0.7557495743542756
939,-0.9096319953545182,-0.9096319953545182,-0.9096319953545182
940,-0.9898214418809288,-0.9898214418809288,-0.9898214418809288
941,-0.9898214418809324,-0.9898214418809324,-0.9898214418809324
942,-0.9096319953545048,-0.9096319953545048,-0.9096319953545048
943,-0.7557495743542544,-0.7557495743542544,-0.7557495743542544
944,-0.5406408174556151,-0.5406408174556151,-0.5406408174556151
945,-0.2817325568414209,-0.2817325568414209,-0.2817325568414209
946,-1.763738983026824e-14,-1.763738983026824e-14,-1.763738983026824e-14
947,0.2817325568414416,0.2817325568414416,0.2817325568414416
948,0.5406408174556333,0.5406408174556333,0.5406408174556333
949,0.7557495743542313,0.7557495743542313,0.7557495743542313
950,0.9096319953545137,0.9096319953545137,0.9096319953545137
951,0.9898214418809355,0.9898214418809355,0.9898214418809355
952,0.9898214418809339,0.9898214418809339,0.9898214418809339
953,0.9096319953545092,0.9096319953545092,0.9096319953545092
954,0.7557495743542614,0.7557495743542614,0.7557495743542614
955,0.5406408174556242,0.5406408174556242,0.5406408174556242
956,0.2817325568414312,0.2817325568414312,0.2817325568414312
957,-2.842542331422354e-14,-2.842542331422354e-14,-2.842542331422354e-14
958,-0.2817325568414312,-0.2817325568414312,-0.2817325568414312
959,-0.5406408174556242,-0.5406408174556242,-0.5406408174556242
960,-0.7557495743542615,-0.7557495743542615,-0.7557495743542615
961,-0.9096319953545092,-0.9096319953545092,-0.9096319953545092
962,-0.9898214418809339,-0.9898214418809339,-0.9898214418809339
963,-0.9898214418809274,-0.9898214418809274,-0.9898214418809274
964,-0.9096319953545137,-0.9096319953545137,-0.9096319953545137
965,-0.7557495743542685,-0.7557495743542685,-0.7557495743542685
966,-0.5406408174555855,-0.5406408174555855,-0.5406408174555855
967,-0.28173255684144155,-0.28173255684144155,-0.28173255684144155
968,1.76448175979073e-14,1.76448175979073e-14,1.76448175979073e-14
969,0.2817325568414754,0.2817325568414754,0.2817325568414754
970,0.5406408174555674,0.5406408174555674,0.5406408174555674
971,0.7557495743542544,0.7557495743542544,0.7557495743542544
972,0.9096319953545283,0.9096319953545283,0.9096319953545283
973,0.9898214418809324,0.9898214418809324,0.9898214418809324
974,0.9898214418809288,0.9898214418809288,0.9898214418809288
975,0.9096319953545182,0.9096319953545182,0.9096319953545182
976,0.7557495743542756,0.7557495743542756,0.7557495743542756
977,0.5406408174555946,0.5406408174555946,0.5406408174555946
978,0.28173255684139736,0.28173255684139736,0.28173255684139736
979,-6.8642118815910615e-15,-6.8642118815910615e-15,-6.8642118815910615e-15
980,-0.2817325568414106,-0.2817325568414106,-0.2817325568414106
981,-0.5406408174556061,-0.5406408174556061,-0.5406408174556061
982,-0.7557495743542473,-0.7557495743542473,-0.7557495743542473
983,-0.9096319953545239,-0.9096319953545239,-0.9096319953545239
984,-0.9898214418809389,-0.9898214418809389,-0.9898214418809389
985,-0.9898214418809304,-0.9898214418809304,-0.9898214418809304
986,-0.9096319953545227,-0.9096319953545227,-0.9096319953545227
987,-0.7557495743542454,-0.7557495743542454,-0.7557495743542454
988,-0.5406408174556036,-0.5406408174556036,-0.5406408174556036
989,-0.28173255684140774,-0.28173255684140774,-0.28173255684140774
990,5.292702502608284e-14,5.292702502608284e-14,5.292702502608284e-14
991,0.2817325568414002,0.2817325568414002,0.2817325568414002
992,0.540640817455597,0.540640817455597,0.540640817455597
993,0.7557495743542775,0.7557495743542775,0.7557495743542775
994,0.9096319953545194,0.9096319953545194,0.9096319953545194
995,0.9898214418809373,0.9898214418809373,0.9898214418809373
996,0.9898214418809319,0.9898214418809319,0.9898214418809319
997,0.9096319953545271,0.9096319953545271,0.9096319953545271
998,0.7557495743542525,0.7557495743542525,0.7557495743542525
999,0.5406408174555648,0.5406408174555648,0.5406408174555648
